"pattern","zero","replicate","method","metrics","value","f"
"bc_pattern",10,1,"BayesCafe","ARI",0.905926193548387,0
"bc_pattern",10,1,"BayesCafe","ARI",0.983999746064582,0.5
"bc_pattern",10,1,"BayesCafe","ARI",0.983999746064582,1
"bc_pattern",10,1,"BayesCafe","ARI",1,1.5
"bc_pattern",10,1,"BayesCafe","ARI",0.983999746064582,2
"bc_pattern",10,2,"BayesCafe","ARI",1,0
"bc_pattern",10,2,"BayesCafe","ARI",1,0.5
"bc_pattern",10,2,"BayesCafe","ARI",0.983999746064582,1
"bc_pattern",10,2,"BayesCafe","ARI",0.00012853044204955,1.5
"bc_pattern",10,2,"BayesCafe","ARI",0.921284378810459,2
"bc_pattern",10,3,"BayesCafe","ARI",0.921284053791875,0
"bc_pattern",10,3,"BayesCafe","ARI",0.968128,0.5
"bc_pattern",10,3,"BayesCafe","ARI",0.936770129785672,1
"bc_pattern",10,3,"BayesCafe","ARI",0.936770129785672,1.5
"bc_pattern",10,3,"BayesCafe","ARI",0.936770129785672,2
"bc_pattern",10,4,"BayesCafe","ARI",1,0
"bc_pattern",10,4,"BayesCafe","ARI",1,0.5
"bc_pattern",10,4,"BayesCafe","ARI",1,1
"bc_pattern",10,4,"BayesCafe","ARI",1,1.5
"bc_pattern",10,4,"BayesCafe","ARI",0.983999746064582,2
"bc_pattern",10,5,"BayesCafe","ARI",0.952384786481345,0
"bc_pattern",10,5,"BayesCafe","ARI",0.952384786481345,0.5
"bc_pattern",10,5,"BayesCafe","ARI",0.952384786481345,1
"bc_pattern",10,5,"BayesCafe","ARI",0.952384786481345,1.5
"bc_pattern",10,5,"BayesCafe","ARI",0.952384786481345,2
"bc_pattern",10,6,"BayesCafe","ARI",0.983999746064582,0
"bc_pattern",10,6,"BayesCafe","ARI",1,0.5
"bc_pattern",10,6,"BayesCafe","ARI",1,1
"bc_pattern",10,6,"BayesCafe","ARI",1,1.5
"bc_pattern",10,6,"BayesCafe","ARI",0.00012853044204955,2
"bc_pattern",10,7,"BayesCafe","ARI",0.983999746064582,0
"bc_pattern",10,7,"BayesCafe","ARI",0.983999746064582,0.5
"bc_pattern",10,7,"BayesCafe","ARI",0.983999746064582,1
"bc_pattern",10,7,"BayesCafe","ARI",1,1.5
"bc_pattern",10,7,"BayesCafe","ARI",0.983999746064582,2
"bc_pattern",10,8,"BayesCafe","ARI",0.968128032900095,0
"bc_pattern",10,8,"BayesCafe","ARI",0.983999746064582,0.5
"bc_pattern",10,8,"BayesCafe","ARI",0.983999746064582,1
"bc_pattern",10,8,"BayesCafe","ARI",0.983999746064582,1.5
"bc_pattern",10,8,"BayesCafe","ARI",0.00012853044204955,2
"bc_pattern",10,9,"BayesCafe","ARI",0.968128,0
"bc_pattern",10,9,"BayesCafe","ARI",1,0.5
"bc_pattern",10,9,"BayesCafe","ARI",1,1
"bc_pattern",10,9,"BayesCafe","ARI",1,1.5
"bc_pattern",10,9,"BayesCafe","ARI",0.983999746064582,2
"bc_pattern",10,10,"BayesCafe","ARI",0.983999746064582,0
"bc_pattern",10,10,"BayesCafe","ARI",1,0.5
"bc_pattern",10,10,"BayesCafe","ARI",1,1
"bc_pattern",10,10,"BayesCafe","ARI",0.00012853044204955,1.5
"bc_pattern",10,10,"BayesCafe","ARI",0.00012853044204955,2
"bc_pattern",10,11,"BayesCafe","ARI",1,0
"bc_pattern",10,11,"BayesCafe","ARI",1,0.5
"bc_pattern",10,11,"BayesCafe","ARI",1,1
"bc_pattern",10,11,"BayesCafe","ARI",1,1.5
"bc_pattern",10,11,"BayesCafe","ARI",0.00012853044204955,2
"bc_pattern",10,12,"BayesCafe","ARI",0.983999746064582,0
"bc_pattern",10,12,"BayesCafe","ARI",0.983999746064582,0.5
"bc_pattern",10,12,"BayesCafe","ARI",0.983999746064582,1
"bc_pattern",10,12,"BayesCafe","ARI",0.983999746064582,1.5
"bc_pattern",10,12,"BayesCafe","ARI",0.983999746064582,2
"bc_pattern",10,13,"BayesCafe","ARI",0.968128032900095,0
"bc_pattern",10,13,"BayesCafe","ARI",0.968128032900095,0.5
"bc_pattern",10,13,"BayesCafe","ARI",0.983999746064582,1
"bc_pattern",10,13,"BayesCafe","ARI",0.968128,1.5
"bc_pattern",10,13,"BayesCafe","ARI",0.968128,2
"bc_pattern",10,14,"BayesCafe","ARI",1,0
"bc_pattern",10,14,"BayesCafe","ARI",1,0.5
"bc_pattern",10,14,"BayesCafe","ARI",1,1
"bc_pattern",10,14,"BayesCafe","ARI",1,1.5
"bc_pattern",10,14,"BayesCafe","ARI",0.00012853044204955,2
"bc_pattern",10,15,"BayesCafe","ARI",0.968128,0
"bc_pattern",10,15,"BayesCafe","ARI",1,0.5
"bc_pattern",10,15,"BayesCafe","ARI",0.983999746064582,1
"bc_pattern",10,15,"BayesCafe","ARI",0.00012853044204955,1.5
"bc_pattern",10,15,"BayesCafe","ARI",0.983999746064582,2
"bc_pattern",10,16,"BayesCafe","ARI",0.968128,0
"bc_pattern",10,16,"BayesCafe","ARI",0.968128,0.5
"bc_pattern",10,16,"BayesCafe","ARI",1,1
"bc_pattern",10,16,"BayesCafe","ARI",1,1.5
"bc_pattern",10,16,"BayesCafe","ARI",1,2
"bc_pattern",10,17,"BayesCafe","ARI",0.936770129785672,0
"bc_pattern",10,17,"BayesCafe","ARI",1,0.5
"bc_pattern",10,17,"BayesCafe","ARI",1,1
"bc_pattern",10,17,"BayesCafe","ARI",1,1.5
"bc_pattern",10,17,"BayesCafe","ARI",0,2
"bc_pattern",10,18,"BayesCafe","ARI",0.936770129785672,0
"bc_pattern",10,18,"BayesCafe","ARI",0.936770129785672,0.5
"bc_pattern",10,18,"BayesCafe","ARI",0.983999746064582,1
"bc_pattern",10,18,"BayesCafe","ARI",0.968128032900095,1.5
"bc_pattern",10,18,"BayesCafe","ARI",0.936770129785672,2
"bc_pattern",10,19,"BayesCafe","ARI",1,0
"bc_pattern",10,19,"BayesCafe","ARI",1,0.5
"bc_pattern",10,19,"BayesCafe","ARI",1,1
"bc_pattern",10,19,"BayesCafe","ARI",1,1.5
"bc_pattern",10,19,"BayesCafe","ARI",0.968128032900095,2
"bc_pattern",10,20,"BayesCafe","ARI",0.983999746064582,0
"bc_pattern",10,20,"BayesCafe","ARI",0.983999746064582,0.5
"bc_pattern",10,20,"BayesCafe","ARI",0.983999746064582,1
"bc_pattern",10,20,"BayesCafe","ARI",0.983999746064582,1.5
"bc_pattern",10,20,"BayesCafe","ARI",0.983999746064582,2
"bc_pattern",10,21,"BayesCafe","ARI",1,0
"bc_pattern",10,21,"BayesCafe","ARI",1,0.5
"bc_pattern",10,21,"BayesCafe","ARI",1,1
"bc_pattern",10,21,"BayesCafe","ARI",1,1.5
"bc_pattern",10,21,"BayesCafe","ARI",1,2
"bc_pattern",10,22,"BayesCafe","ARI",0.968128032900095,0
"bc_pattern",10,22,"BayesCafe","ARI",1,0.5
"bc_pattern",10,22,"BayesCafe","ARI",1,1
"bc_pattern",10,22,"BayesCafe","ARI",1,1.5
"bc_pattern",10,22,"BayesCafe","ARI",0.00012853044204955,2
"bc_pattern",10,23,"BayesCafe","ARI",0.968128032900095,0
"bc_pattern",10,23,"BayesCafe","ARI",1,0.5
"bc_pattern",10,23,"BayesCafe","ARI",1,1
"bc_pattern",10,23,"BayesCafe","ARI",0.00012853044204955,1.5
"bc_pattern",10,23,"BayesCafe","ARI",1,2
"bc_pattern",10,24,"BayesCafe","ARI",1,0
"bc_pattern",10,24,"BayesCafe","ARI",1,0.5
"bc_pattern",10,24,"BayesCafe","ARI",1,1
"bc_pattern",10,24,"BayesCafe","ARI",1,1.5
"bc_pattern",10,24,"BayesCafe","ARI",1,2
"bc_pattern",10,25,"BayesCafe","ARI",0.936770064516129,0
"bc_pattern",10,25,"BayesCafe","ARI",0.983999746064582,0.5
"bc_pattern",10,25,"BayesCafe","ARI",0.952384786481345,1
"bc_pattern",10,25,"BayesCafe","ARI",0.952384786481345,1.5
"bc_pattern",10,25,"BayesCafe","ARI",0.952384884783493,2
"bc_pattern",10,26,"BayesCafe","ARI",0.983999746064582,0
"bc_pattern",10,26,"BayesCafe","ARI",0.983999746064582,0.5
"bc_pattern",10,26,"BayesCafe","ARI",0.983999746064582,1
"bc_pattern",10,26,"BayesCafe","ARI",1,1.5
"bc_pattern",10,26,"BayesCafe","ARI",1,2
"bc_pattern",10,27,"BayesCafe","ARI",0.905926290656732,0
"bc_pattern",10,27,"BayesCafe","ARI",0.952384786481345,0.5
"bc_pattern",10,27,"BayesCafe","ARI",0.952384786481345,1
"bc_pattern",10,27,"BayesCafe","ARI",0.952384786481345,1.5
"bc_pattern",10,27,"BayesCafe","ARI",0.952384786481345,2
"bc_pattern",10,28,"BayesCafe","ARI",0.983999746064582,0
"bc_pattern",10,28,"BayesCafe","ARI",0.983999746064582,0.5
"bc_pattern",10,28,"BayesCafe","ARI",0.983999746064582,1
"bc_pattern",10,28,"BayesCafe","ARI",1,1.5
"bc_pattern",10,28,"BayesCafe","ARI",1,2
"bc_pattern",10,29,"BayesCafe","ARI",1,0
"bc_pattern",10,29,"BayesCafe","ARI",1,0.5
"bc_pattern",10,29,"BayesCafe","ARI",1,1
"bc_pattern",10,29,"BayesCafe","ARI",1,1.5
"bc_pattern",10,29,"BayesCafe","ARI",1,2
"bc_pattern",10,30,"BayesCafe","ARI",0.983999746064582,0
"bc_pattern",10,30,"BayesCafe","ARI",0.983999746064582,0.5
"bc_pattern",10,30,"BayesCafe","ARI",1,1
"bc_pattern",10,30,"BayesCafe","ARI",0.983999746064582,1.5
"bc_pattern",10,30,"BayesCafe","ARI",0.00012853044204955,2
"bc_pattern",30,1,"BayesCafe","ARI",0.890697060465275,0
"bc_pattern",30,1,"BayesCafe","ARI",0.905926193548387,0.5
"bc_pattern",30,1,"BayesCafe","ARI",0.952384786481345,1
"bc_pattern",30,1,"BayesCafe","ARI",0.875597542835731,1.5
"bc_pattern",30,1,"BayesCafe","ARI",0.860626020470967,2
"bc_pattern",30,2,"BayesCafe","ARI",0.921284053791875,0
"bc_pattern",30,2,"BayesCafe","ARI",0.952384786481345,0.5
"bc_pattern",30,2,"BayesCafe","ARI",0.921284378810459,1
"bc_pattern",30,2,"BayesCafe","ARI",0.921284378810459,1.5
"bc_pattern",30,2,"BayesCafe","ARI",0.00012853044204955,2
"bc_pattern",30,3,"BayesCafe","ARI",0.860624581775165,0
"bc_pattern",30,3,"BayesCafe","ARI",0.875597542835731,0.5
"bc_pattern",30,3,"BayesCafe","ARI",0.936770129785672,1
"bc_pattern",30,3,"BayesCafe","ARI",0.921284053791875,1.5
"bc_pattern",30,3,"BayesCafe","ARI",0.952384884783493,2
"bc_pattern",30,4,"BayesCafe","ARI",0.968128,0
"bc_pattern",30,4,"BayesCafe","ARI",0.983999746064582,0.5
"bc_pattern",30,4,"BayesCafe","ARI",0.983999746064582,1
"bc_pattern",30,4,"BayesCafe","ARI",0.983999746064582,1.5
"bc_pattern",30,4,"BayesCafe","ARI",0.00012853044204955,2
"bc_pattern",30,5,"BayesCafe","ARI",0.905926581980565,0
"bc_pattern",30,5,"BayesCafe","ARI",0.905926290656732,0.5
"bc_pattern",30,5,"BayesCafe","ARI",0.921283891281576,1
"bc_pattern",30,5,"BayesCafe","ARI",0.952384884783493,1.5
"bc_pattern",30,5,"BayesCafe","ARI",0,2
"bc_pattern",30,6,"BayesCafe","ARI",0.952384884783493,0
"bc_pattern",30,6,"BayesCafe","ARI",0.983999746064582,0.5
"bc_pattern",30,6,"BayesCafe","ARI",1,1
"bc_pattern",30,6,"BayesCafe","ARI",1,1.5
"bc_pattern",30,6,"BayesCafe","ARI",0.00012853044204955,2
"bc_pattern",30,7,"BayesCafe","ARI",0.921284053791875,0
"bc_pattern",30,7,"BayesCafe","ARI",0.936770325593494,0.5
"bc_pattern",30,7,"BayesCafe","ARI",0.936770325593494,1
"bc_pattern",30,7,"BayesCafe","ARI",0.936770325593494,1.5
"bc_pattern",30,7,"BayesCafe","ARI",0.00012853044204955,2
"bc_pattern",30,8,"BayesCafe","ARI",0.921284378810459,0
"bc_pattern",30,8,"BayesCafe","ARI",0.952384884783493,0.5
"bc_pattern",30,8,"BayesCafe","ARI",0.952384884783493,1
"bc_pattern",30,8,"BayesCafe","ARI",0.952384884783493,1.5
"bc_pattern",30,8,"BayesCafe","ARI",0.921284378810459,2
"bc_pattern",30,9,"BayesCafe","ARI",0.428063911535213,0
"bc_pattern",30,9,"BayesCafe","ARI",0.968128032900095,0.5
"bc_pattern",30,9,"BayesCafe","ARI",0.983999746064582,1
"bc_pattern",30,9,"BayesCafe","ARI",0.952384786481345,1.5
"bc_pattern",30,9,"BayesCafe","ARI",0.968128032900095,2
"bc_pattern",30,10,"BayesCafe","ARI",0.745473872135775,0
"bc_pattern",30,10,"BayesCafe","ARI",0.952384884783493,0.5
"bc_pattern",30,10,"BayesCafe","ARI",0.983999746064582,1
"bc_pattern",30,10,"BayesCafe","ARI",0.905926581980565,1.5
"bc_pattern",30,10,"BayesCafe","ARI",0.00012853044204955,2
"bc_pattern",30,11,"BayesCafe","ARI",0.905926290656732,0
"bc_pattern",30,11,"BayesCafe","ARI",0.983999746064582,0.5
"bc_pattern",30,11,"BayesCafe","ARI",0.952384786481345,1
"bc_pattern",30,11,"BayesCafe","ARI",0.968128,1.5
"bc_pattern",30,11,"BayesCafe","ARI",0.00012853044204955,2
"bc_pattern",30,12,"BayesCafe","ARI",0.952384786481345,0
"bc_pattern",30,12,"BayesCafe","ARI",0.936770064516129,0.5
"bc_pattern",30,12,"BayesCafe","ARI",0.983999746064582,1
"bc_pattern",30,12,"BayesCafe","ARI",1,1.5
"bc_pattern",30,12,"BayesCafe","ARI",1,2
"bc_pattern",30,13,"BayesCafe","ARI",0.875596515513274,0
"bc_pattern",30,13,"BayesCafe","ARI",0.936770129785672,0.5
"bc_pattern",30,13,"BayesCafe","ARI",0.905926290656732,1
"bc_pattern",30,13,"BayesCafe","ARI",0.936770325593494,1.5
"bc_pattern",30,13,"BayesCafe","ARI",0.936770325593494,2
"bc_pattern",30,14,"BayesCafe","ARI",0.968128032900095,0
"bc_pattern",30,14,"BayesCafe","ARI",0.983999746064582,0.5
"bc_pattern",30,14,"BayesCafe","ARI",0.968128,1
"bc_pattern",30,14,"BayesCafe","ARI",0.983999746064582,1.5
"bc_pattern",30,14,"BayesCafe","ARI",0.936770325593494,2
"bc_pattern",30,15,"BayesCafe","ARI",0.936770064516129,0
"bc_pattern",30,15,"BayesCafe","ARI",0.952384786481345,0.5
"bc_pattern",30,15,"BayesCafe","ARI",0.968128,1
"bc_pattern",30,15,"BayesCafe","ARI",0.936770129785672,1.5
"bc_pattern",30,15,"BayesCafe","ARI",0.00012853044204955,2
"bc_pattern",30,16,"BayesCafe","ARI",0.921284053791875,0
"bc_pattern",30,16,"BayesCafe","ARI",0.905926193548387,0.5
"bc_pattern",30,16,"BayesCafe","ARI",0.717971427620277,1
"bc_pattern",30,16,"BayesCafe","ARI",0.936770325593494,1.5
"bc_pattern",30,16,"BayesCafe","ARI",0.00012853044204955,2
"bc_pattern",30,17,"BayesCafe","ARI",0.759424014864133,0
"bc_pattern",30,17,"BayesCafe","ARI",0.952384884783493,0.5
"bc_pattern",30,17,"BayesCafe","ARI",0.952384884783493,1
"bc_pattern",30,17,"BayesCafe","ARI",0.952384786481345,1.5
"bc_pattern",30,17,"BayesCafe","ARI",0.860626020470967,2
"bc_pattern",30,18,"BayesCafe","ARI",0.84578064516129,0
"bc_pattern",30,18,"BayesCafe","ARI",0.905926193548387,0.5
"bc_pattern",30,18,"BayesCafe","ARI",0.84578064516129,1
"bc_pattern",30,18,"BayesCafe","ARI",0.921284378810459,1.5
"bc_pattern",30,18,"BayesCafe","ARI",0.00012853044204955,2
"bc_pattern",30,19,"BayesCafe","ARI",0.983999746064582,0
"bc_pattern",30,19,"BayesCafe","ARI",0.983999746064582,0.5
"bc_pattern",30,19,"BayesCafe","ARI",0.983999746064582,1
"bc_pattern",30,19,"BayesCafe","ARI",0.968128032900095,1.5
"bc_pattern",30,19,"BayesCafe","ARI",0.952384884783493,2
"bc_pattern",30,20,"BayesCafe","ARI",0.875596515513274,0
"bc_pattern",30,20,"BayesCafe","ARI",0.921283891281576,0.5
"bc_pattern",30,20,"BayesCafe","ARI",0.968128,1
"bc_pattern",30,20,"BayesCafe","ARI",1,1.5
"bc_pattern",30,20,"BayesCafe","ARI",1,2
"bc_pattern",30,21,"BayesCafe","ARI",0.968128,0
"bc_pattern",30,21,"BayesCafe","ARI",0.983999746064582,0.5
"bc_pattern",30,21,"BayesCafe","ARI",0.983999746064582,1
"bc_pattern",30,21,"BayesCafe","ARI",1,1.5
"bc_pattern",30,21,"BayesCafe","ARI",0.00012853044204955,2
"bc_pattern",30,22,"BayesCafe","ARI",0.921283891281576,0
"bc_pattern",30,22,"BayesCafe","ARI",0.968128032900095,0.5
"bc_pattern",30,22,"BayesCafe","ARI",1,1
"bc_pattern",30,22,"BayesCafe","ARI",1,1.5
"bc_pattern",30,22,"BayesCafe","ARI",0.983999746064582,2
"bc_pattern",30,23,"BayesCafe","ARI",0.936770129785672,0
"bc_pattern",30,23,"BayesCafe","ARI",0.952384884783493,0.5
"bc_pattern",30,23,"BayesCafe","ARI",0.983999746064582,1
"bc_pattern",30,23,"BayesCafe","ARI",0.983999746064582,1.5
"bc_pattern",30,23,"BayesCafe","ARI",0.921284053791875,2
"bc_pattern",30,24,"BayesCafe","ARI",0.845780804355299,0
"bc_pattern",30,24,"BayesCafe","ARI",0.905927067516276,0.5
"bc_pattern",30,24,"BayesCafe","ARI",0.952384884783493,1
"bc_pattern",30,24,"BayesCafe","ARI",0.952384884783493,1.5
"bc_pattern",30,24,"BayesCafe","ARI",0.952384884783493,2
"bc_pattern",30,25,"BayesCafe","ARI",0.890697286122432,0
"bc_pattern",30,25,"BayesCafe","ARI",0.905926193548387,0.5
"bc_pattern",30,25,"BayesCafe","ARI",0.968128,1
"bc_pattern",30,25,"BayesCafe","ARI",0.00012853044204955,1.5
"bc_pattern",30,25,"BayesCafe","ARI",0.00012853044204955,2
"bc_pattern",30,26,"BayesCafe","ARI",0.921283891281576,0
"bc_pattern",30,26,"BayesCafe","ARI",0.952384786481345,0.5
"bc_pattern",30,26,"BayesCafe","ARI",0.936770129785672,1
"bc_pattern",30,26,"BayesCafe","ARI",1,1.5
"bc_pattern",30,26,"BayesCafe","ARI",1,2
"bc_pattern",30,27,"BayesCafe","ARI",0.860624581775165,0
"bc_pattern",30,27,"BayesCafe","ARI",0.952384786481345,0.5
"bc_pattern",30,27,"BayesCafe","ARI",0.936770129785672,1
"bc_pattern",30,27,"BayesCafe","ARI",0.921283891281576,1.5
"bc_pattern",30,27,"BayesCafe","ARI",0.00038561561218798,2
"bc_pattern",30,28,"BayesCafe","ARI",0.905927067516276,0
"bc_pattern",30,28,"BayesCafe","ARI",0.968128032900095,0.5
"bc_pattern",30,28,"BayesCafe","ARI",0.968128032900095,1
"bc_pattern",30,28,"BayesCafe","ARI",0.968128032900095,1.5
"bc_pattern",30,28,"BayesCafe","ARI",0.00012853044204955,2
"bc_pattern",30,29,"BayesCafe","ARI",0.952384786481345,0
"bc_pattern",30,29,"BayesCafe","ARI",0.936770129785672,0.5
"bc_pattern",30,29,"BayesCafe","ARI",0.968128,1
"bc_pattern",30,29,"BayesCafe","ARI",0.952384884783493,1.5
"bc_pattern",30,29,"BayesCafe","ARI",1,2
"bc_pattern",30,30,"BayesCafe","ARI",0.831069079588272,0
"bc_pattern",30,30,"BayesCafe","ARI",0.952384884783493,0.5
"bc_pattern",30,30,"BayesCafe","ARI",0.968128032900095,1
"bc_pattern",30,30,"BayesCafe","ARI",0.936770129785672,1.5
"bc_pattern",30,30,"BayesCafe","ARI",-0.000127502198513269,2
"bc_pattern",50,1,"BayesCafe","ARI",0.516461184121393,0
"bc_pattern",50,1,"BayesCafe","ARI",0.677686871752312,0.5
"bc_pattern",50,1,"BayesCafe","ARI",0.875598441728962,1
"bc_pattern",50,1,"BayesCafe","ARI",0.00012853044204955,1.5
"bc_pattern",50,1,"BayesCafe","ARI",0.664539897057332,2
"bc_pattern",50,2,"BayesCafe","ARI",0.600578467865305,0
"bc_pattern",50,2,"BayesCafe","ARI",0.921284053791875,0.5
"bc_pattern",50,2,"BayesCafe","ARI",0.787691573995795,1
"bc_pattern",50,2,"BayesCafe","ARI",0.831066638279753,1.5
"bc_pattern",50,2,"BayesCafe","ARI",0.731680757531499,2
"bc_pattern",50,3,"BayesCafe","ARI",0.816479157182806,0
"bc_pattern",50,3,"BayesCafe","ARI",0.890697060465275,0.5
"bc_pattern",50,3,"BayesCafe","ARI",0.845782077895534,1
"bc_pattern",50,3,"BayesCafe","ARI",0.831069079588272,1.5
"bc_pattern",50,3,"BayesCafe","ARI",0.677714816535067,2
"bc_pattern",50,4,"BayesCafe","ARI",0.528089261327214,0
"bc_pattern",50,4,"BayesCafe","ARI",0.845783192225986,0.5
"bc_pattern",50,4,"BayesCafe","ARI",0.831070823336871,1
"bc_pattern",50,4,"BayesCafe","ARI",0.638559673362458,1.5
"bc_pattern",50,4,"BayesCafe","ARI",0.773503473991833,2
"bc_pattern",50,5,"BayesCafe","ARI",0.745473872135775,0
"bc_pattern",50,5,"BayesCafe","ARI",0.717971427620277,0.5
"bc_pattern",50,5,"BayesCafe","ARI",0.717972009871461,1
"bc_pattern",50,5,"BayesCafe","ARI",0.845780804355299,1.5
"bc_pattern",50,5,"BayesCafe","ARI",0.731658322580645,2
"bc_pattern",50,6,"BayesCafe","ARI",0.516473163031554,0
"bc_pattern",50,6,"BayesCafe","ARI",0.936770064516129,0.5
"bc_pattern",50,6,"BayesCafe","ARI",0.921284053791875,1
"bc_pattern",50,6,"BayesCafe","ARI",0.952384786481345,1.5
"bc_pattern",50,6,"BayesCafe","ARI",0.968128032900095,2
"bc_pattern",50,7,"BayesCafe","ARI",0.759418799819149,0
"bc_pattern",50,7,"BayesCafe","ARI",0.704414123709425,0.5
"bc_pattern",50,7,"BayesCafe","ARI",0.845781281935352,1
"bc_pattern",50,7,"BayesCafe","ARI",0.802021363047157,1.5
"bc_pattern",50,7,"BayesCafe","ARI",0.613138234089676,2
"bc_pattern",50,8,"BayesCafe","ARI",0.563761118799839,0
"bc_pattern",50,8,"BayesCafe","ARI",0.84578064516129,0.5
"bc_pattern",50,8,"BayesCafe","ARI",0.875597542835731,1
"bc_pattern",50,8,"BayesCafe","ARI",0.651464617842975,1.5
"bc_pattern",50,8,"BayesCafe","ARI",0.00012853044204955,2
"bc_pattern",50,9,"BayesCafe","ARI",0.551743145403534,0
"bc_pattern",50,9,"BayesCafe","ARI",0.745477024935685,0.5
"bc_pattern",50,9,"BayesCafe","ARI",0.952384884783493,1
"bc_pattern",50,9,"BayesCafe","ARI",0.00012853044204955,1.5
"bc_pattern",50,9,"BayesCafe","ARI",0,2
"bc_pattern",50,10,"BayesCafe","ARI",0.802021363047157,0
"bc_pattern",50,10,"BayesCafe","ARI",0.787693327236186,0.5
"bc_pattern",50,10,"BayesCafe","ARI",0.905926290656732,1
"bc_pattern",50,10,"BayesCafe","ARI",-0.000127502198513269,1.5
"bc_pattern",50,10,"BayesCafe","ARI",0.00012853044204955,2
"bc_pattern",50,11,"BayesCafe","ARI",0.00685298443911121,0
"bc_pattern",50,11,"BayesCafe","ARI",0.773491783923975,0.5
"bc_pattern",50,11,"BayesCafe","ARI",0.875596387096774,1
"bc_pattern",50,11,"BayesCafe","ARI",0,1.5
"bc_pattern",50,11,"BayesCafe","ARI",0,2
"bc_pattern",50,12,"BayesCafe","ARI",0.539857618460104,0
"bc_pattern",50,12,"BayesCafe","ARI",0.845780804355299,0.5
"bc_pattern",50,12,"BayesCafe","ARI",0.845781281935352,1
"bc_pattern",50,12,"BayesCafe","ARI",0.875596900761184,1.5
"bc_pattern",50,12,"BayesCafe","ARI",0.00012853044204955,2
"bc_pattern",50,13,"BayesCafe","ARI",0.551735741935484,0
"bc_pattern",50,13,"BayesCafe","ARI",0.816480672695686,0.5
"bc_pattern",50,13,"BayesCafe","ARI",0.845782077895534,1
"bc_pattern",50,13,"BayesCafe","ARI",0.651500232234092,1.5
"bc_pattern",50,13,"BayesCafe","ARI",0.816480672695686,2
"bc_pattern",50,14,"BayesCafe","ARI",0.921284053791875,0
"bc_pattern",50,14,"BayesCafe","ARI",0.845781281935352,0.5
"bc_pattern",50,14,"BayesCafe","ARI",0.7876968336301,1
"bc_pattern",50,14,"BayesCafe","ARI",0.00012853044204955,1.5
"bc_pattern",50,14,"BayesCafe","ARI",0.759433699347862,2
"bc_pattern",50,15,"BayesCafe","ARI",0.613102293392957,0
"bc_pattern",50,15,"BayesCafe","ARI",0.77349739530714,0.5
"bc_pattern",50,15,"BayesCafe","ARI",0.0522627989792534,1
"bc_pattern",50,15,"BayesCafe","ARI",3.08511762385077e-06,1.5
"bc_pattern",50,15,"BayesCafe","ARI",0.651493397713327,2
"bc_pattern",50,16,"BayesCafe","ARI",0.600572283280224,0
"bc_pattern",50,16,"BayesCafe","ARI",0.802021363047157,0.5
"bc_pattern",50,16,"BayesCafe","ARI",0.86062429403244,1
"bc_pattern",50,16,"BayesCafe","ARI",0,1.5
"bc_pattern",50,16,"BayesCafe","ARI",0.00012853044204955,2
"bc_pattern",50,17,"BayesCafe","ARI",0.460234486773732,0
"bc_pattern",50,17,"BayesCafe","ARI",0.78769135483871,0.5
"bc_pattern",50,17,"BayesCafe","ARI",0.759421779872539,1
"bc_pattern",50,17,"BayesCafe","ARI",0.664533664457025,1.5
"bc_pattern",50,17,"BayesCafe","ARI",0,2
"bc_pattern",50,18,"BayesCafe","ARI",0.690984961387346,0
"bc_pattern",50,18,"BayesCafe","ARI",0.802023406671761,0.5
"bc_pattern",50,18,"BayesCafe","ARI",0.773491783923975,1
"bc_pattern",50,18,"BayesCafe","ARI",0.600592073278358,1.5
"bc_pattern",50,18,"BayesCafe","ARI",0.773500200894464,2
"bc_pattern",50,19,"BayesCafe","ARI",0.759418799819149,0
"bc_pattern",50,19,"BayesCafe","ARI",0.745481753989101,0.5
"bc_pattern",50,19,"BayesCafe","ARI",0.845782077895534,1
"bc_pattern",50,19,"BayesCafe","ARI",0.875598441728962,1.5
"bc_pattern",50,19,"BayesCafe","ARI",0.773503473991833,2
"bc_pattern",50,20,"BayesCafe","ARI",0.460234486773732,0
"bc_pattern",50,20,"BayesCafe","ARI",0.759418799819149,0.5
"bc_pattern",50,20,"BayesCafe","ARI",0.759426746464131,1
"bc_pattern",50,20,"BayesCafe","ARI",0.00012853044204955,1.5
"bc_pattern",50,20,"BayesCafe","ARI",0.00012853044204955,2
"bc_pattern",50,21,"BayesCafe","ARI",0.845780804355299,0
"bc_pattern",50,21,"BayesCafe","ARI",0.15151608853487,0.5
"bc_pattern",50,21,"BayesCafe","ARI",0.875596900761184,1
"bc_pattern",50,21,"BayesCafe","ARI",0.968128032900095,1.5
"bc_pattern",50,21,"BayesCafe","ARI",0.00012853044204955,2
"bc_pattern",50,22,"BayesCafe","ARI",0.600578467865305,0
"bc_pattern",50,22,"BayesCafe","ARI",0.875596515513274,0.5
"bc_pattern",50,22,"BayesCafe","ARI",0.905926290656732,1
"bc_pattern",50,22,"BayesCafe","ARI",0.691011753485675,1.5
"bc_pattern",50,22,"BayesCafe","ARI",0.677702840792969,2
"bc_pattern",50,23,"BayesCafe","ARI",0.664509424365208,0
"bc_pattern",50,23,"BayesCafe","ARI",0.952384786481345,0.5
"bc_pattern",50,23,"BayesCafe","ARI",0.860624581775165,1
"bc_pattern",50,23,"BayesCafe","ARI",0.875597542835731,1.5
"bc_pattern",50,23,"BayesCafe","ARI",0.00038561561218798,2
"bc_pattern",50,24,"BayesCafe","ARI",0.638552957652923,0
"bc_pattern",50,24,"BayesCafe","ARI",0.677682879244886,0.5
"bc_pattern",50,24,"BayesCafe","ARI",0.80202708508973,1
"bc_pattern",50,24,"BayesCafe","ARI",0.831069079588272,1.5
"bc_pattern",50,24,"BayesCafe","ARI",0.00012853044204955,2
"bc_pattern",50,25,"BayesCafe","ARI",0.563754814485068,0
"bc_pattern",50,25,"BayesCafe","ARI",0.84578064516129,0.5
"bc_pattern",50,25,"BayesCafe","ARI",0.831065591983073,1
"bc_pattern",50,25,"BayesCafe","ARI",0.802025041541067,1.5
"bc_pattern",50,25,"BayesCafe","ARI",0.563761118799839,2
"bc_pattern",50,26,"BayesCafe","ARI",0.539874716951919,0
"bc_pattern",50,26,"BayesCafe","ARI",0.816478967741936,0.5
"bc_pattern",50,26,"BayesCafe","ARI",0.77349038103474,1
"bc_pattern",50,26,"BayesCafe","ARI",0.875596900761184,1.5
"bc_pattern",50,26,"BayesCafe","ARI",0,2
"bc_pattern",50,27,"BayesCafe","ARI",0.3199038777166,0
"bc_pattern",50,27,"BayesCafe","ARI",0.831065591983073,0.5
"bc_pattern",50,27,"BayesCafe","ARI",0.936770129785672,1
"bc_pattern",50,27,"BayesCafe","ARI",0.831067684563473,1.5
"bc_pattern",50,27,"BayesCafe","ARI",0.638582057258666,2
"bc_pattern",50,28,"BayesCafe","ARI",0.890697286122432,0
"bc_pattern",50,28,"BayesCafe","ARI",0.86062429403244,0.5
"bc_pattern",50,28,"BayesCafe","ARI",0.921284053791875,1
"bc_pattern",50,28,"BayesCafe","ARI",0.600573520212562,1.5
"bc_pattern",50,28,"BayesCafe","ARI",0.00012853044204955,2
"bc_pattern",50,29,"BayesCafe","ARI",0.704420531083069,0
"bc_pattern",50,29,"BayesCafe","ARI",0.890698414394244,0.5
"bc_pattern",50,29,"BayesCafe","ARI",0.952384884783493,1
"bc_pattern",50,29,"BayesCafe","ARI",0.677708496115422,1.5
"bc_pattern",50,29,"BayesCafe","ARI",0.845783192225986,2
"bc_pattern",50,30,"BayesCafe","ARI",0.235327745868737,0
"bc_pattern",50,30,"BayesCafe","ARI",0.42807217645427,0.5
"bc_pattern",50,30,"BayesCafe","ARI",0.845783192225986,1
"bc_pattern",50,30,"BayesCafe","ARI",0.890697286122432,1.5
"bc_pattern",50,30,"BayesCafe","ARI",0.00012853044204955,2
